identity,path,date
63498,1706/Lower Lalaja/29A/DCIM/121D7100/DSC_8870.png,2017-06-29
63498,1803/LL/26B/123D7100/DSC_3857.png,2018-03-26
63498,1804/LL/27B/DSC_5389.png,2018-04-27
63498,1802/LL/26B/DSC_0428.png,2018-02-26
63498,1806/LL/28A/100D7100/DSC_9352.png,2018-06-28
63498,1807/LL/26B/124D7100/DSC_2617.png,2018-07-26
63498,1902/LL/27B/110D7100.1/DSC_4155.png,2019-02-27
63498,1901/Lower Lalaja/27B/DSC_2536.png,2019-01-27
63498,1908/Lower Lalaja/27B/DSC_0257.png,2019-08-27
63498,1906/Lower Lalaja/27B/DSC_4263.png,2019-06-27
63498,1909/LL/27B/DSC_3431.png,2019-09-27
63498,1807/LL/26B/124D7100/DSC_2530.png,2018-07-26
63498,1707/Lower Lalaja/26B/122D7100/DSC_0291.png,2017-07-26
63498,1708/Lower Lalaja/26A/DSC_2107.png,2017-08-26
63498,1809/LL/26B/DSC_6277.png,2018-09-26
63498,1911/LL/27A/129D7100/DSC_2155.png,2019-11-27
63498,1712/Lower Lalaja/27B/DSC_8190.png,2017-12-27
63498,1812/Lower Lalaja/27A/DSC_0983.png,2018-12-27
63498,1811/LL/28A/DSC_8450.png,2018-11-28
63498,2001/LL/27B/112D7100/DSC_5688.png,2020-01-27
63498,1609/LL/27B (female side)/DSC_3174.png,2016-09-27
63498,1910/LL/27B/111D7100/DSC_7305.png,2019-10-27
63498,1702/Lower Lalaja/27B/121D7100/DSC_1137.png,2017-02-27
63498,1606/LL/27A (Female Side)/101D7100/DSC_4778.png,2016-06-27
63498,1607/LL/28B (Female Side)/101D7100/DSC_7449.png,2016-07-28
63498,1703/Lower Lalaja/27a/107D7100/DSC_0589.png,2017-03-27
63498,1701/Lower Lalaja/DCIM/Male side/DSC_7902.png,2017-01-25
63498,1705/Lower Lalaja/28A/DCIM/107D7100/DSC_4923.png,2017-05-28
63498,1611/LL/27A(MALE)/120D7100/DSC_7579.png,2016-11-27
63498,1711/LL/26B/122D7100/DSC_6968.png,2017-11-26
63498,1604/LL/27 - B (Female side)/DSC_0015.png,2016-04-27
63498,1605/LL/28A (Female Side)/101D7100/DSC_2367.png,2016-05-28
63498,1801/Lower Lalaja/29A/DSC_0475.png,2018-01-29
63498,2002/LL/27A/130D7100/DSC_1441.png,2020-02-27
45982,1703/Upper Lalaja/2B/DCIM/121D7100/DSC_3174.png,2017-04-02
45982,1502/UL/4B/100NCD90/DSC_0417.png,2015-03-04
45982,1602/UL/4A/104D7100/DSC_3027.png,2016-03-04
45982,1702/Upper Lalaja/5B/DCIM/121D7100/DSC_1418.png,2017-03-05
45982,1601/UL/01A/104D7100/DSC_0820.png,2016-01-31
45982,1709/Upper Lalaja/1B/122D7100/DSC_4231.png,2017-10-01
45982,1710/UL/3B/122D7100/DSC_5719.png,2017-11-03
45982,1611/UL/03B(FEMALE)/120D7100/DSC_8095.png,2016-12-03
45982,1606/UL/4A (Female Side)/101D7100/DSC_5674.png,2016-07-04
45982,1607/UL/03B (male side)/105D7100/DSC_5983.png,2016-08-03
45982,1610/UL/28B (female side)/DSC_5904.png,2016-10-28
45982,1409/Upper Lalaja/6B/100NCD90/DSC_0026.png,2014-10-06
45982,1609/UL/04B (female side)/DSC_3880.png,2016-10-04
45982,1604/UL/3 - B (Female side)/DSC_7107.png,2016-05-03
45982,1504/UL/1B/100NCD90/DSC_0083.png,2015-05-01
45982,1707/Upper Lalaja/2B/DCIM/122D7100/DSC_0939.png,2017-08-02
45982,1704/Upper Lalaja/04b/121D7100/DSC_4604.png,2017-05-04
45982,1612/UL/UL/04B (MALE SIDE)/106D7100/DSC_7109.png,2017-01-04
45982,1708/Upper Lalaja/1B/122D7100/DSC_2610.png,2017-09-01
45982,1410/Upper Lalaja/115B/100NCD90/DSC_0096.png,2014-11-05
45982,1505/UL/2B/100NCD90/DSC_0248.png,2015-06-02
45982,1506/UL/4B/100NCD90/DSC_0278.png,2015-07-04
45982,1508/Upper Lalaja/3B/100NCD90/DSC_0488.png,2015-09-03
45982,1503/Upper Lalaja/31B/DCIM/100NCD90/DSC_0011.png,2015-03-31
45982,1509/Upper Lalaja/3B/100NCD90/DSC_0137.png,2015-10-03
27040,1401/Lower Lalaja/27B/100NCD90/DSC_0090.png,2014-01-27
27040,1310/Lower Lalaja/29B/100NCD90/DSC_0098.png,2013-10-29
27040,1212/Lower Lalaja/28B/100NCD60/DSC_0640.png,2012-12-28
27040,1304/Lower Lalaja/30B/100NCD90/DSC_0088.png,2013-04-30
27040,1208/Lower Lalaja/27B/100NCD90/DSC_0034.png,2012-08-27
27040,1503/Lower Lalaja/26B/DCIM/100NCD90/DSC_0277.png,2015-03-26
27040,1306/Lower Lalaja/27B/100NCD90/DSC_0153.png,2013-06-27
27040,1209/Lower Lalaja/27B/100NCD90/DSC_0142.png,2012-09-27
27040,1409/Lower Lalaja/28A/100NCD90/DSC_0105.png,2014-09-28
27040,1402/Lower Lalaja/27A/100NCD90/DSC_0101.png,2014-02-27
27040,1602/Lower Lalaja/27A/100D7100/DSC_5891.png,2016-02-27
27040,1506/LL/29B/100NCD90/DSC_0166.png,2015-06-29
27040,1407/Lower Lalaja/27B/100NCD90/DSC_0155.png,2014-07-27
27040,1309/Lower Lalaja/28A/100NCD90/DSC_0162.png,2013-09-28
27040,1302/Lower Lalaja/28B/DSC_0067.png,2013-02-28
27040,1406/Lower Lalaja/28A/100NCD90/DSC_0182.png,2014-06-28
27040,1405/Lower Lalaja/28A/100NCD90/DSC_0159.png,2014-05-28
27040,1301/Lower Lalaja/28B/100NCD90/DSC_0112.png,2013-01-28
27040,1305/Lower Lalaja/27B/100NCD90/DSC_0005.png,2013-05-27
27040,1306/Lower Lalaja/27B/100NCD90/DSC_0154.png,2013-06-27
27040,1308/Lower Lalaja/28A/100NCD90/DSC_0060.png,2013-08-28
27040,1601/LL/26B/100D7100/DSC_4203.png,2016-01-26
27145,1501/LL/26A/100D7100/DSC_2948.png,2015-01-26
27145,1303/Lower Lalaja/27B/100NCD90/DSC_0093.png,2013-03-27
27145,1401/Lower Lalaja/27A/100NCD90/DSC_0069.png,2014-01-27
27145,1211/Lower Lalaja/29B/DCIM/100NCD90/DSC_0009.png,2012-11-29
27145,1406/Lower Lalaja/28B/100NCD90/DSC_0192.png,2014-06-28
27145,1404/Lower Lalaja/28B/100NCD90/DSC_0220.png,2014-04-28
27145,1507/LL/26B/100NCD90/DSC_0439.png,2015-07-26
27145,1410/Lower Lalaja/29 B/100NCD90/100NCD90/DSC_0050.png,2014-10-29
27145,1302/Lower Lalaja/27B/DSC_0082.png,2013-02-27
27145,1312/Lower Lalaja/27B/100NCD90/DSC_0156.png,2013-12-27
27145,1212/Lower Lalaja/28B/100NCD60/DSC_0634.png,2012-12-28
27145,1307/Lower Lalaja/28B/100NCD90/DSC_0028.png,2013-07-28
27145,1305/Lower Lalaja/28B/100NCD90/DSC_0177.png,2013-05-28
27145,1412/LL/28A/100D7100/DSC_1314.png,2014-12-28
27145,1504/LL/26B/DSC_0408.png,2015-04-26
27145,1304/Lower Lalaja/30B/100NCD90/DSC_0092.png,2013-04-30
27145,1309/Lower Lalaja/27B/100NCD90/DSC_0092.png,2013-09-27
27145,1310/Lower Lalaja/30B/100NCD90/DSC_0074.png,2013-10-30
27145,1210/Lower Lalaja/31B/100NCD90/DSC_0124.png,2012-10-31
27145,1301/Lower Lalaja/28A/101NCD60/DSC_1720.png,2013-01-28
27145,1409/Lower Lalaja/28B/100NCD90/DSC_0169.png,2014-09-28
28531,1405/Lower Lalaja/28A/100NCD90/DSC_0156.png,2014-05-28
28531,1510/Lower Lalaja/22B/100NCD90/DSC_0170.png,2015-10-22
28531,1507/LL/26B/100NCD90/DSC_0246.png,2015-07-26
28531,1507/LL/26B/100NCD90/DSC_0125.png,2015-07-26
28531,1307/Lower Lalaja/28B/100NCD90/DSC_0086.png,2013-07-28
28531,1308/Lower Lalaja/28A/100NCD90/DSC_0008.png,2013-08-28
28531,1311/Lower Lalaja/28A/100NCD90/DSC_0133.png,2013-11-28
28531,1409/Lower Lalaja/27B/100NCD90/DSC_0196.png,2014-09-27
28531,1310/Lower Lalaja/30A/100NCD90/DSC_0124.png,2013-10-30
28531,1312/Lower Lalaja/27B/100NCD90/DSC_0091.png,2013-12-27
28531,1409/Lower Lalaja/27B/100NCD90/DSC_0083.png,2014-09-27
28531,1212/Lower Lalaja/27B/101NCD90/DSC_0101.png,2012-12-27
28531,1502/LL/27B/DCIM/100NCD90/DSC_0082.png,2015-02-27
28531,1509/Lower Lalaja/26B/100NCD90/DSC_0325.png,2015-09-26
28531,1504/LL/26B/DSC_0163.png,2015-04-26
28531,1301/Lower Lalaja/28B/100NCD90/DSC_0084.png,2013-01-28
28531,1410/Lower Lalaja/29 B/100NCD90/100NCD90/DSC_0240.png,2014-10-29
28531,1501/LL/26B/100NCD90/DSC_0190.png,2015-01-26
28531,1306/Lower Lalaja/28B/100NCD90/DSC_0025.png,2013-06-28
28531,1506/LL/28B/100NCD90/DSC_0108.png,2015-06-28
28531,1404/Lower Lalaja/28A/100NCD90/DSC_0173.png,2014-04-28
28531,1305/Lower Lalaja/27B/100NCD90/DSC_0069.png,2013-05-27
28531,1505/LL/27B/100NCD90/DSC_0117.png,2015-05-27
28531,1302/Lower Lalaja/27B/DSC_0054.png,2013-02-27
28531,1309/Lower Lalaja/28A/100NCD90/DSC_0130.png,2013-09-28
41456,1808/LL/27B/DSC_4718.png,2018-08-27
41456,1809/LL/27B/DSC_6446.png,2018-09-27
41456,1602/Lower Lalaja/26B/100D7100/DSC_5685.png,2016-02-26
41456,1805/LL/27A/100D7100/DSC_6546.png,2018-05-27
41456,1712/Lower Lalaja/28A/DSC_1456.png,2017-12-28
41456,1509/Lower Lalaja/26B/100NCD90/DSC_0222.png,2015-09-26
41456,1506/LL/28B/100NCD90/DSC_0017.png,2015-06-28
41456,1507/LL/26B/100NCD90/DSC_0065.png,2015-07-26
41456,1807/LL/26B/124D7100/DSC_2641.png,2018-07-26
41456,1409/Lower Lalaja/27B/100NCD90/DSC_0012.png,2014-09-27
41456,1405/Lower Lalaja/27B/100NCD90/DSC_0183.png,2014-05-27
41456,1502/LL/27B/DCIM/100NCD90/DSC_0024.png,2015-02-27
41456,1810/LL/24B/109D7100/DSC_8596.png,2018-10-24
41456,1410/Lower Lalaja/29 B/100NCD90/100NCD90/DSC_0283.png,2014-10-29
41456,1703/Lower Lalaja/27b/121D7100/DSC_2505.png,2017-03-27
41456,1510/Lower Lalaja/22B/100NCD90/DSC_0236.png,2015-10-22
41456,1601/LL/26B/100D7100/DSC_4140.png,2016-01-26
41456,1804/LL/28A/DSC_4351.png,2018-04-28
41456,1504/LL/26B/DSC_0180.png,2015-04-26
41456,1705/Lower Lalaja/27B/DCIM/121D7100/DSC_6456.png,2017-05-27
41456,1608/LL/27A (female side)/101D7100/DSC_9675.png,2016-08-27
41456,1701/Lower Lalaja/DCIM/Male side/DSC_7831.png,2017-01-25
41456,1611/LL/27A(MALE)/120D7100/DSC_7688.png,2016-11-27
57425,1702/Lower Lalaja/27A/DCIM/106D7100/DSC_9104.png,2017-02-27
57425,1602/Lower Lalaja/27A/100D7100/DSC_5776.png,2016-02-27
57425,1808/LL/27B/DSC_4771.png,2018-08-27
57425,1601/LL/26B/100D7100/DSC_4155.png,2016-01-26
57425,1811/LL/28A/DSC_8449.png,2018-11-28
57425,1812/Lower Lalaja/27B/125D7100/DSC_0042.png,2018-12-27
57425,1902/LL/27A/126D7100/DSC_4223.png,2019-02-27
57425,1809/LL/26B/DSC_6198.png,2018-09-26
57425,1810/LL/24B/109D7100/DSC_8467.png,2018-10-24
57425,1804/LL/27B/DSC_5644.png,2018-04-27
57425,1706/Lower Lalaja/29B/DCIM/107D7100/DSC_7811.png,2017-06-29
57425,1711/LL/26B/122D7100/DSC_6951.png,2017-11-26
57425,1712/Lower Lalaja/27B/DSC_8141.png,2017-12-27
57425,1802/LL/26B/DSC_0434.png,2018-02-26
57425,1607/LL/28B (Female Side)/101D7100/DSC_7494.png,2016-07-28
57425,1611/LL/28A(Male)/DCIM/106D7100/DSC_6136.png,2016-11-28
57425,1610/LL/23B (female side)/DSC_5331.png,2016-10-23
57425,1701/Lower Lalaja/DCIM/Female side/DSC_9670.png,2017-01-25
57425,1612/LL/27B(FEMALE)/120D7100/DSC_9017.png,2016-12-27
57425,1803/LL/26A/100D7100/DSC_2437.png,2018-03-26
57425,1709/Lower Lalaja/25A/108D7100/DSC_4968.png,2017-09-25
57425,1707/Lower Lalaja/25B/122D7100/DSC_0110.png,2017-07-25
57425,1606/LL/27A (Female Side)/101D7100/DSC_4944.png,2016-06-27
57425,1710/LL/29B/122D7100/DSC_5521.png,2017-10-29
57425,1705/Lower Lalaja/28B/121D7100/DSC_6749.png,2017-05-28
57425,1703/Lower Lalaja/27a/107D7100/DSC_0615.png,2017-03-27
61717,1612/LL/27B(FEMALE)/120D7100/DSC_9137.png,2016-12-27
61717,1709/Lower Lalaja/25A/108D7100/DSC_4967.png,2017-09-25
61717,1708/Lower Lalaja/26A/DSC_2104.png,2017-08-26
61717,1607/LL/27B (Female Side)/101D7100/DSC_7280.png,2016-07-27
61717,1608/LL/27A (female side)/101D7100/DSC_9778.png,2016-08-27
61717,1803/LL/26A/100D7100/DSC_2429.png,2018-03-26
61717,1606/LL/27A (Female Side)/101D7100/DSC_4943.png,2016-06-27
61717,1609/LL/28A (male side)/DSC_0912.png,2016-09-28
61717,1807/LL/26B/124D7100/DSC_2506.png,2018-07-26
61717,1806/LL/28A/100D7100/DSC_9337.png,2018-06-28
61717,1804/LL/28B/DSC_5783.png,2018-04-28
61717,1802/LL/26B/DSC_0432.png,2018-02-26
61717,1703/Lower Lalaja/27b/121D7100/DSC_2540.png,2017-03-27
61717,1903/Lower Lalaja/28B/DSC_6090.png,2019-03-28
61717,1811/LL/28B/DSC_9770.png,2018-11-28
61717,1705/Lower Lalaja/28B/121D7100/DSC_6753.png,2017-05-28
61717,1701/Lower Lalaja/DCIM/Female side/DSC_9848.png,2017-01-25
61717,1706/Lower Lalaja/29B/DCIM/107D7100/DSC_7803.png,2017-06-29
61717,1812/Lower Lalaja/27A/DSC_1026.png,2018-12-27
61717,1902/LL/27A/126D7100/DSC_4243.png,2019-02-27
61717,1906/Lower Lalaja/27B/DSC_4243.png,2019-06-27
61717,1611/LL/28B(Female)/DCIM/120D7100/DSC_7995.png,2016-11-28
64952,1606/LL/27A (Female Side)/101D7100/DSC_4690.png,2016-06-27
64952,1709/Lower Lalaja/25A/108D7100/DSC_4942.png,2017-09-25
64952,1801/Lower Lalaja/28B/DSC_0115.png,2018-01-28
64952,1703/Lower Lalaja/27b/121D7100/DSC_2561.png,2017-03-27
64952,1704/Lower Lalaja/29B/121D7100/DSC_4287.png,2017-04-29
64952,1711/LL/26B/122D7100/DSC_6870.png,2017-11-26
64952,1805/LL/28B/123D7100/DSC_7710.png,2018-05-28
64952,1806/LL/28A/100D7100/DSC_9320.png,2018-06-28
64952,1807/LL/27A/101D7100/DSC_2330.png,2018-07-27
64952,1802/LL/26B/DSC_0663.png,2018-02-26
64952,1701/Lower Lalaja/DCIM/Male side/DSC_7894.png,2017-01-25
64952,1611/LL/28B(Female)/DCIM/120D7100/DSC_8015.png,2016-11-28
64952,1702/Lower Lalaja/27A/DCIM/106D7100/DSC_9168.png,2017-02-27
64952,1808/LL/28B/DSC_4160.png,2018-08-28
64952,1809/LL/26B/DSC_6259.png,2018-09-26
64952,1810/LL/24A/124D7100/DSC_6974.png,2018-10-24
64952,1705/Lower Lalaja/28B/121D7100/DSC_6735.png,2017-05-28
64952,1706/Lower Lalaja/28B/DCIM/121D7100/DSC_8559.png,2017-06-28
64952,1707/Lower Lalaja/26B/122D7100/DSC_0337.png,2017-07-26
64952,1708/Lower Lalaja/26B/DSC_2688.png,2017-08-26
64952,1712/Lower Lalaja/27B/DSC_8212.png,2017-12-27
64952,1812/Lower Lalaja/27B/126D7100/DSC_0159.png,2018-12-27
64952,1901/Lower Lalaja/27B/DSC_2424.png,2019-01-27
64952,1902/LL/27A/126D7100/DSC_4225.png,2019-02-27
64952,1811/LL/28B/DSC_9786.png,2018-11-28
79482,1809/UL/1B/DSC_5686.png,2018-10-01
79482,1709/Upper Lalaja/2B/122D7100/DSC_4609.png,2017-10-02
79482,1801/Upper Lalaja/3A/123D7100/DSC_0862.png,2018-02-03
79482,1708/Upper Lalaja/31A/122D7100/DSC_2427.png,2017-08-31
79482,1805/UL/3B/DSC_8323.png,2018-06-03
79482,1902/UL/6B/110D7100/DSC_4426.png,2019-03-06
79482,1901/Upper Lalaja/1B/DSC_2723.png,2019-02-01
79482,1703/Upper Lalaja/2B/DCIM/121D7100/DSC_3019.png,2017-04-02
79482,1811/UL/03A/124D7100/DSC_8887.png,2018-12-03
79482,1711/UL/1A/DSC_9664.png,2017-12-01
79482,1712/Upper Lalaja/3B/DSC_8548.png,2018-01-03
79482,1702/Upper Lalaja/5A/DCIM/106D7100/DSC_9633.png,2017-03-05
79482,1705/Upper Lalaja/3B/DCIM/121D7100/DSC_7324.png,2017-06-03
79482,1908/Upper Lalaja/1B/111D7100/DSC_0650.png,2019-09-01
79482,1909/UL/2A/128D7100/DSC_6107.png,2019-10-02
79482,1905/Upper Lalaja/2B/DSC_2111.png,2019-06-02
79482,1911/UL/3A/129D7100/DSC_2849.png,2019-12-03
79482,1810/UL/29B/109D7100/DSC_9066.png,2018-10-29
79482,1903/Upper Lalaja/4B/110D7100/DSC_6832.png,2019-04-04
79482,1812/Upper Lalaja/2B/DSC_1453.png,2019-01-02
