identity,path,date
41456,1804/LL/28A/DSC_4351.png,2018-04-28
28531,1404/Lower Lalaja/28A/100NCD90/DSC_0173.png,2014-04-28
27145,1507/LL/26B/100NCD90/DSC_0439.png,2015-07-26
61717,1611/LL/28B(Female)/DCIM/120D7100/DSC_7995.png,2016-11-28
45982,1504/UL/1B/100NCD90/DSC_0083.png,2015-05-01
63498,1902/LL/27B/110D7100.1/DSC_4155.png,2019-02-27
27145,1208/Lower Lalaja/28A/100NCD60/DSC_6351.png,2012-08-28
28531,1505/LL/27B/100NCD90/DSC_0117.png,2015-05-27
41456,1506/LL/28B/100NCD90/DSC_0017.png,2015-06-28
63498,1701/Lower Lalaja/DCIM/Male side/DSC_7902.png,2017-01-25
63498,1806/LL/28A/100D7100/DSC_9352.png,2018-06-28
27040,1601/LL/26B/100D7100/DSC_4203.png,2016-01-26
45982,1602/UL/4A/104D7100/DSC_3027.png,2016-03-04
41456,1703/Lower Lalaja/27b/121D7100/DSC_2505.png,2017-03-27
27145,1307/Lower Lalaja/28B/100NCD90/DSC_0028.png,2013-07-28
45982,1511/Upper Lalaja/2B/DSC_1026.png,2015-12-02
27145,1309/Lower Lalaja/27B/100NCD90/DSC_0092.png,2013-09-27
57425,1812/Lower Lalaja/27B/125D7100/DSC_0042.png,2018-12-27
61717,1702/Lower Lalaja/27A/DCIM/106D7100/DSC_9109.png,2017-02-27
28531,1212/Lower Lalaja/27B/101NCD90/DSC_0101.png,2012-12-27
61717,1806/LL/28A/100D7100/DSC_9337.png,2018-06-28
64952,1708/Lower Lalaja/26B/DSC_2688.png,2017-08-26
61717,1902/LL/27A/126D7100/DSC_4243.png,2019-02-27
63498,1912/LL/26B/112D7100/DSC_3710.png,2019-12-26
28531,1504/LL/26B/DSC_0163.png,2015-04-26
61717,1708/Lower Lalaja/26A/DSC_2104.png,2017-08-26
64952,1711/LL/26B/122D7100/DSC_6870.png,2017-11-26
27040,1401/Lower Lalaja/27B/100NCD90/DSC_0090.png,2014-01-27
61717,1802/LL/26B/DSC_0432.png,2018-02-26
27145,1404/Lower Lalaja/28B/100NCD90/DSC_0220.png,2014-04-28
28531,1312/Lower Lalaja/27B/100NCD90/DSC_0091.png,2013-12-27
79482,1910/UL/2B/111D7100/DSC_8002.png,2019-11-02
57425,1803/LL/26A/100D7100/DSC_2437.png,2018-03-26
45982,1703/Upper Lalaja/2B/DCIM/121D7100/DSC_3174.png,2017-04-02
63498,1708/Lower Lalaja/26A/DSC_2107.png,2017-08-26
79482,1802/UL/3A/DSC_0873.png,2018-03-03
27040,1212/Lower Lalaja/28B/100NCD60/DSC_0640.png,2012-12-28
27040,1407/Lower Lalaja/27B/100NCD90/DSC_0155.png,2014-07-27
63498,2001/LL/27B/112D7100/DSC_5688.png,2020-01-27
45982,1609/UL/04B (female side)/DSC_3880.png,2016-10-04
27040,1309/Lower Lalaja/28A/100NCD90/DSC_0162.png,2013-09-28
27040,1411/Lower Lalaja/11.27b/PB277273.png,2014-11-27
57425,1606/LL/27A (Female Side)/101D7100/DSC_4944.png,2016-06-27
27145,1212/Lower Lalaja/28B/100NCD60/DSC_0634.png,2012-12-28
63498,1807/LL/26B/124D7100/DSC_2617.png,2018-07-26
79482,1803/UL/31A/DSC_2711.png,2018-03-31
79482,1707/Upper Lalaja/31A/108D7100/DSC_0780.png,2017-07-31
27040,1210/Lower Lalaja/31A/100NCD60/DSC_8564.png,2012-10-31
79482,1704/Upper Lalaja/05a/107D7100/DSC_3164.png,2017-05-05
61717,1712/Lower Lalaja/27B/DSC_8211.png,2017-12-27
64952,1704/Lower Lalaja/29B/121D7100/DSC_4287.png,2017-04-29
64952,1903/Lower Lalaja/28A/DSC_6687.png,2019-03-28
45982,1704/Upper Lalaja/04b/121D7100/DSC_4604.png,2017-05-04
27040,1503/Lower Lalaja/26B/DCIM/100NCD90/DSC_0277.png,2015-03-26
79482,1804/UL/03A/DSC_4894.png,2018-05-03
61717,1701/Lower Lalaja/DCIM/Female side/DSC_9848.png,2017-01-25
61717,1612/LL/27B(FEMALE)/120D7100/DSC_9137.png,2016-12-27
27145,1303/Lower Lalaja/27B/100NCD90/DSC_0093.png,2013-03-27
79482,1904/Upper Lalaja/5B/DSC_9094.png,2019-05-05
57425,1805/LL/27B/123D7100/DSC_7370.png,2018-05-27
41456,1701/Lower Lalaja/DCIM/Male side/DSC_7831.png,2017-01-25
